<?xml version="1.0" encoding="UTF-8"?>
<breakfast_menu>
	<food>
		<name>Miami International Airport</name>
		<price>15.00</price>
		<description>You need to find out token located near ConCourse D!</description>
		<calories>It is Worth one Token</calories>
	</food>
	<food>
		<name>Strawberry Belgian Waffles</name>
		<price>7.95</price>
		<description>Light Belgian waffles covered with strawberries and whipped cream</description>
		<calories>Token is worth five</calories>
	</food>
	<food>
		<name>Berry-Berry Belgian Waffles</name>
		<price>8.95</price>
		<description>Light Belgian waffles covered with an assortment of fresh berries and whipped cream</description>
		<calories>six Tokens</calories>
	</food>
	<food>
		<name>French Toast</name>
		<price>4.50</price>
		<description>Thick slices made from our homemade sourdough bread</description>
		<calories>two tokens</calories>
	</food>
	<food>
		<name>Homestyle Breakfast</name>
		<price>6.95</price>
		<description>Two eggs, bacon or sausage, toast, and our ever-popular hash browns</description>
		<calories>Token is three 3</calories>
	</food>
</breakfast_menu>
